<?xml version="1.0" encoding="UTF-8"?>
<project-private xmlns="http://www.netbeans.org/ns/project-private/1">
    <editor-bookmarks xmlns="http://www.netbeans.org/ns/editor-bookmarks/2" lastBookmarkId="0"/>
    <open-files xmlns="http://www.netbeans.org/ns/projectui-open-files/2">
        <group>
            <file>file:/C:/Users/Administrator/Desktop/Corso%20Java_gigroup/Java%20Sp/Pellegrino%20Principe%20-%20Java%208%20Guida%20Completa/CODICE/Cap07/Listati/Time_Client_Array/src/com/pellegrinoprincipe/Time_Client_Array.java</file>
            <file>file:/C:/Users/Administrator/Desktop/Corso%20Java_gigroup/Java%20Sp/Pellegrino%20Principe%20-%20Java%208%20Guida%20Completa/CODICE/Cap07/Listati/Time_Client_Array/src/com/pellegrinoprincipe/Time_REV_5.java</file>
        </group>
    </open-files>
</project-private>
