<?xml version="1.0" encoding="UTF-8"?>
<project-private xmlns="http://www.netbeans.org/ns/project-private/1">
    <editor-bookmarks xmlns="http://www.netbeans.org/ns/editor-bookmarks/2" lastBookmarkId="0"/>
    <open-files xmlns="http://www.netbeans.org/ns/projectui-open-files/2">
        <group>
            <file>file:/C:/Users/stefa/Documents/Corso%20Java/Java%20Sp/Pellegrino%20Principe%20-%20Java%208%20Guida%20Completa/CODICE/Cap07/Listati/InnerClass/src/com/pellegrinoprincipe/Giorno.java</file>
            <file>file:/C:/Users/stefa/Documents/Corso%20Java/Java%20Sp/Pellegrino%20Principe%20-%20Java%208%20Guida%20Completa/CODICE/Cap07/Listati/InnerClass/src/com/pellegrinoprincipe/InnerClass.java</file>
        </group>
    </open-files>
</project-private>
